<?xml version="1.0" encoding="UTF-8"?>
<configurationDescriptor version="65">
  <logicalFolder name="root" displayName="root" projectFiles="true">
    <logicalFolder name="HeaderFiles"
                   displayName="Header Files"
                   projectFiles="true">
      <itemPath>AD.h</itemPath>
      <itemPath>BOARD.h</itemPath>
      <itemPath>ES_Configure.h</itemPath>
      <itemPath>pwm.h</itemPath>
      <itemPath>roach.h</itemPath>
      <itemPath>serial.h</itemPath>
      <itemPath>ES_CheckEvents.h</itemPath>
      <itemPath>ES_Events.h</itemPath>
      <itemPath>EventChecker.h</itemPath>
      <itemPath>ES_General.h</itemPath>
      <itemPath>ES_Framework.h</itemPath>
      <itemPath>ES_KeyboardInput.h</itemPath>
      <itemPath>ES_LookupTables.h</itemPath>
      <itemPath>ES_Port.h</itemPath>
      <itemPath>ES_PriorTables.h</itemPath>
      <itemPath>ES_Queue.h</itemPath>
      <itemPath>ES_TattleTale.h</itemPath>
      <itemPath>ES_Timers.h</itemPath>
      <itemPath>SimpleService.h</itemPath>
      <itemPath>TemplateFSM.h</itemPath>
      <itemPath>timers.h</itemPath>
      <itemPath>RC_Servo.h</itemPath>
      <itemPath>IO_Ports.h</itemPath>
      <itemPath>LED.h</itemPath>
      <itemPath>Stepper.h</itemPath>
      <itemPath>DriveBase.h</itemPath>
      <itemPath>CleaningSubHSM.h</itemPath>
      <itemPath>DepositsSubHSM.h</itemPath>
      <itemPath>FindGateSubHSM.h</itemPath>
      <itemPath>mainHSM.h</itemPath>
      <itemPath>AligningSubHSM.h</itemPath>
      <itemPath>DodgingSubHSM.h</itemPath>
    </logicalFolder>
    <logicalFolder name="LinkerScript"
                   displayName="Linker Files"
                   projectFiles="true">
      <itemPath>../ECE118/bootloader320.ld</itemPath>
    </logicalFolder>
    <logicalFolder name="SourceFiles"
                   displayName="Source Files"
                   projectFiles="true">
      <itemPath>AD.c</itemPath>
      <itemPath>BOARD.c</itemPath>
      <itemPath>pwm.c</itemPath>
      <itemPath>roach.c</itemPath>
      <itemPath>HelloWorld.c</itemPath>
      <itemPath>serial.c</itemPath>
      <itemPath>ES_CheckEvents.c</itemPath>
      <itemPath>EventChecker.c</itemPath>
      <itemPath>testharness.c</itemPath>
      <itemPath>ES_Framework.c</itemPath>
      <itemPath>ES_KeyboardInput.c</itemPath>
      <itemPath>ES_PostList.c</itemPath>
      <itemPath>ES_Queue.c</itemPath>
      <itemPath>ES_TattleTale.c</itemPath>
      <itemPath>ES_Timers.c</itemPath>
      <itemPath>SimpleService.c</itemPath>
      <itemPath>TemplateES_Main.c</itemPath>
      <itemPath>TemplateFSM.c</itemPath>
      <itemPath>timers.c</itemPath>
      <itemPath>RC_Servo.c</itemPath>
      <itemPath>IO_Ports.c</itemPath>
      <itemPath>LED.c</itemPath>
      <itemPath>Stepper.c</itemPath>
      <itemPath>DriveBase.c</itemPath>
      <itemPath>CleaningSubHSM.c</itemPath>
      <itemPath>DepositsSubHSM.c</itemPath>
      <itemPath>FindGateSubHSM.c</itemPath>
      <itemPath>mainHSM.c</itemPath>
      <itemPath>AligningSubHSM.c</itemPath>
      <itemPath>DodgingSubHSM.c</itemPath>
    </logicalFolder>
    <logicalFolder name="ExternalFiles"
                   displayName="Important Files"
                   projectFiles="false">
      <itemPath>Makefile</itemPath>
    </logicalFolder>
  </logicalFolder>
  <sourceRootList>
    <Elem>../ECE118</Elem>
    <Elem>D:\ECE118\ece118-final-project\ECE118Finalcode.X</Elem>
  </sourceRootList>
  <projectmakefile>Makefile</projectmakefile>
  <confs>
    <conf name="default" type="2">
      <toolsSet>
        <developmentServer>localhost</developmentServer>
        <targetDevice>PIC32MX320F128H</targetDevice>
        <targetHeader></targetHeader>
        <targetPluginBoard></targetPluginBoard>
        <platformTool>noID</platformTool>
        <languageToolchain>XC32</languageToolchain>
        <languageToolchainVersion>4.10</languageToolchainVersion>
        <platform>3</platform>
      </toolsSet>
      <packs>
        <pack name="PIC32MX_DFP" vendor="Microchip" version="1.5.259"/>
      </packs>
      <ScriptingSettings>
      </ScriptingSettings>
      <compileType>
        <linkerTool>
          <linkerLibItems>
          </linkerLibItems>
        </linkerTool>
        <archiverTool>
        </archiverTool>
        <loading>
          <useAlternateLoadableFile>false</useAlternateLoadableFile>
          <parseOnProdLoad>false</parseOnProdLoad>
          <alternateLoadableFile></alternateLoadableFile>
        </loading>
        <subordinates>
        </subordinates>
      </compileType>
      <makeCustomizationType>
        <makeCustomizationPreStepEnabled>false</makeCustomizationPreStepEnabled>
        <makeUseCleanTarget>false</makeUseCleanTarget>
        <makeCustomizationPreStep></makeCustomizationPreStep>
        <makeCustomizationPostStepEnabled>false</makeCustomizationPostStepEnabled>
        <makeCustomizationPostStep></makeCustomizationPostStep>
        <makeCustomizationPutChecksumInUserID>false</makeCustomizationPutChecksumInUserID>
        <makeCustomizationEnableLongLines>false</makeCustomizationEnableLongLines>
        <makeCustomizationNormalizeHexFile>false</makeCustomizationNormalizeHexFile>
      </makeCustomizationType>
      <C32>
        <property key="additional-warnings" value="false"/>
        <property key="addresss-attribute-use" value="false"/>
        <property key="enable-app-io" value="false"/>
        <property key="enable-omit-frame-pointer" value="false"/>
        <property key="enable-symbols" value="true"/>
        <property key="enable-unroll-loops" value="false"/>
        <property key="exclude-floating-point" value="false"/>
        <property key="extra-include-directories"
                  value=".;/home/phuong/Downloads/ECE118/include"/>
        <property key="generate-16-bit-code" value="false"/>
        <property key="generate-micro-compressed-code" value="false"/>
        <property key="isolate-each-function" value="false"/>
        <property key="make-warnings-into-errors" value="false"/>
        <property key="optimization-level" value=""/>
        <property key="place-data-into-section" value="false"/>
        <property key="post-instruction-scheduling" value="default"/>
        <property key="pre-instruction-scheduling" value="default"/>
        <property key="preprocessor-macros" value="SIMPLESERVICE_TEST"/>
        <property key="strict-ansi" value="false"/>
        <property key="support-ansi" value="false"/>
        <property key="tentative-definitions" value="-fno-common"/>
        <property key="toplevel-reordering" value=""/>
        <property key="unaligned-access" value=""/>
        <property key="use-cci" value="false"/>
        <property key="use-iar" value="false"/>
        <property key="use-indirect-calls" value="false"/>
      </C32>
      <C32-AR>
        <property key="additional-options-chop-files" value="false"/>
      </C32-AR>
      <C32-AS>
        <property key="assembler-symbols" value=""/>
        <property key="enable-symbols" value="true"/>
        <property key="exclude-floating-point-library" value="false"/>
        <property key="expand-macros" value="false"/>
        <property key="extra-include-directories-for-assembler" value=""/>
        <property key="extra-include-directories-for-preprocessor" value=""/>
        <property key="false-conditionals" value="false"/>
        <property key="generate-16-bit-code" value="false"/>
        <property key="generate-micro-compressed-code" value="false"/>
        <property key="keep-locals" value="false"/>
        <property key="list-assembly" value="false"/>
        <property key="list-source" value="false"/>
        <property key="list-symbols" value="false"/>
        <property key="oXC32asm-list-to-file" value="false"/>
        <property key="omit-debug-dirs" value="false"/>
        <property key="omit-forms" value="false"/>
        <property key="preprocessor-macros" value=""/>
        <property key="warning-level" value=""/>
      </C32-AS>
      <C32-CO>
        <property key="coverage-enable" value=""/>
        <property key="stack-guidance" value="false"/>
      </C32-CO>
      <C32-LD>
        <property key="additional-options-use-response-files" value="false"/>
        <property key="additional-options-write-sla" value="false"/>
        <property key="allocate-dinit" value="false"/>
        <property key="code-dinit" value="false"/>
        <property key="ebase-addr" value=""/>
        <property key="enable-check-sections" value="false"/>
        <property key="exclude-floating-point-library" value="false"/>
        <property key="exclude-standard-libraries" value="false"/>
        <property key="extra-lib-directories" value=""/>
        <property key="fill-flash-options-addr" value=""/>
        <property key="fill-flash-options-const" value=""/>
        <property key="fill-flash-options-how" value="0"/>
        <property key="fill-flash-options-inc-const" value="1"/>
        <property key="fill-flash-options-increment" value=""/>
        <property key="fill-flash-options-seq" value=""/>
        <property key="fill-flash-options-what" value="0"/>
        <property key="generate-16-bit-code" value="false"/>
        <property key="generate-cross-reference-file" value="false"/>
        <property key="generate-micro-compressed-code" value="false"/>
        <property key="heap-size" value="2000"/>
        <property key="input-libraries" value=""/>
        <property key="kseg-length" value=""/>
        <property key="kseg-origin" value=""/>
        <property key="linker-symbols" value=""/>
        <property key="map-file" value="${DISTDIR}/${PROJECTNAME}.${IMAGE_TYPE}.map"/>
        <property key="no-device-startup-code" value="false"/>
        <property key="no-startup-files" value="false"/>
        <property key="oXC32ld-extra-opts" value=""/>
        <property key="optimization-level" value=""/>
        <property key="preprocessor-macros" value=""/>
        <property key="remove-unused-sections" value="false"/>
        <property key="report-memory-usage" value="false"/>
        <property key="serial-length" value=""/>
        <property key="serial-origin" value=""/>
        <property key="stack-size" value=""/>
        <property key="symbol-stripping" value=""/>
        <property key="trace-symbols" value=""/>
        <property key="warn-section-align" value="false"/>
      </C32-LD>
      <C32CPP>
        <property key="additional-warnings" value="false"/>
        <property key="addresss-attribute-use" value="false"/>
        <property key="check-new" value="false"/>
        <property key="eh-specs" value="true"/>
        <property key="enable-app-io" value="false"/>
        <property key="enable-omit-frame-pointer" value="false"/>
        <property key="enable-symbols" value="true"/>
        <property key="enable-unroll-loops" value="false"/>
        <property key="exceptions" value="true"/>
        <property key="exclude-floating-point" value="false"/>
        <property key="extra-include-directories" value=""/>
        <property key="generate-16-bit-code" value="false"/>
        <property key="generate-micro-compressed-code" value="false"/>
        <property key="isolate-each-function" value="false"/>
        <property key="make-warnings-into-errors" value="false"/>
        <property key="optimization-level" value=""/>
        <property key="place-data-into-section" value="false"/>
        <property key="post-instruction-scheduling" value="default"/>
        <property key="pre-instruction-scheduling" value="default"/>
        <property key="preprocessor-macros" value=""/>
        <property key="rtti" value="true"/>
        <property key="strict-ansi" value="false"/>
        <property key="toplevel-reordering" value=""/>
        <property key="unaligned-access" value=""/>
        <property key="use-cci" value="false"/>
        <property key="use-iar" value="false"/>
        <property key="use-indirect-calls" value="false"/>
      </C32CPP>
      <C32Global>
        <property key="common-include-directories" value=""/>
        <property key="gp-relative-option" value=""/>
        <property key="legacy-libc" value="true"/>
        <property key="mdtcm" value=""/>
        <property key="mitcm" value=""/>
        <property key="mstacktcm" value="false"/>
        <property key="omit-pack-options" value="1"/>
        <property key="relaxed-math" value="false"/>
        <property key="save-temps" value="false"/>
        <property key="stack-smashing" value=""/>
        <property key="wpo-lto" value="false"/>
      </C32Global>
      <item path="CleaningSubHSM.c" ex="false" overriding="false">
        <C32>
        </C32>
        <C32-AR>
        </C32-AR>
        <C32-AS>
        </C32-AS>
        <C32-CO>
        </C32-CO>
        <C32-LD>
        </C32-LD>
        <C32CPP>
        </C32CPP>
        <C32Global>
        </C32Global>
      </item>
      <item path="DepositsSubHSM.c" ex="true" overriding="false">
        <C32>
        </C32>
        <C32-AR>
        </C32-AR>
        <C32-AS>
        </C32-AS>
        <C32-CO>
        </C32-CO>
        <C32-LD>
        </C32-LD>
        <C32CPP>
        </C32CPP>
        <C32Global>
        </C32Global>
      </item>
      <item path="DodgingSubHSM.c" ex="true" overriding="false">
        <C32>
        </C32>
        <C32-AR>
        </C32-AR>
        <C32-AS>
        </C32-AS>
        <C32-CO>
        </C32-CO>
        <C32-LD>
        </C32-LD>
        <C32CPP>
        </C32CPP>
        <C32Global>
        </C32Global>
      </item>
      <item path="DriveBase.c" ex="false" overriding="false">
        <C32>
        </C32>
        <C32-AR>
        </C32-AR>
        <C32-AS>
        </C32-AS>
        <C32-CO>
        </C32-CO>
        <C32-LD>
        </C32-LD>
        <C32CPP>
        </C32CPP>
        <C32Global>
        </C32Global>
      </item>
      <item path="ES_CheckEvents.c" ex="false" overriding="false">
        <C32>
        </C32>
        <C32-AR>
        </C32-AR>
        <C32-AS>
        </C32-AS>
        <C32-CO>
        </C32-CO>
        <C32-LD>
        </C32-LD>
        <C32CPP>
        </C32CPP>
        <C32Global>
        </C32Global>
      </item>
      <item path="ES_Framework.c" ex="false" overriding="false">
        <C32>
        </C32>
        <C32-AR>
        </C32-AR>
        <C32-AS>
        </C32-AS>
        <C32-CO>
        </C32-CO>
        <C32-LD>
        </C32-LD>
        <C32CPP>
        </C32CPP>
        <C32Global>
        </C32Global>
      </item>
      <item path="ES_KeyboardInput.c" ex="false" overriding="false">
        <C32>
        </C32>
        <C32-AR>
        </C32-AR>
        <C32-AS>
        </C32-AS>
        <C32-CO>
        </C32-CO>
        <C32-LD>
        </C32-LD>
        <C32CPP>
        </C32CPP>
        <C32Global>
        </C32Global>
      </item>
      <item path="ES_PostList.c" ex="false" overriding="false">
        <C32>
        </C32>
        <C32-AR>
        </C32-AR>
        <C32-AS>
        </C32-AS>
        <C32-CO>
        </C32-CO>
        <C32-LD>
        </C32-LD>
        <C32CPP>
        </C32CPP>
        <C32Global>
        </C32Global>
      </item>
      <item path="ES_Queue.c" ex="false" overriding="false">
        <C32>
        </C32>
        <C32-AR>
        </C32-AR>
        <C32-AS>
        </C32-AS>
        <C32-CO>
        </C32-CO>
        <C32-LD>
        </C32-LD>
        <C32CPP>
        </C32CPP>
        <C32Global>
        </C32Global>
      </item>
      <item path="ES_TattleTale.c" ex="false" overriding="false">
        <C32>
        </C32>
        <C32-AR>
        </C32-AR>
        <C32-AS>
        </C32-AS>
        <C32-CO>
        </C32-CO>
        <C32-LD>
        </C32-LD>
        <C32CPP>
        </C32CPP>
        <C32Global>
        </C32Global>
      </item>
      <item path="ES_Timers.c" ex="false" overriding="false">
        <C32>
        </C32>
        <C32-AR>
        </C32-AR>
        <C32-AS>
        </C32-AS>
        <C32-CO>
        </C32-CO>
        <C32-LD>
        </C32-LD>
        <C32CPP>
        </C32CPP>
        <C32Global>
        </C32Global>
      </item>
      <item path="EventChecker.c" ex="false" overriding="false">
        <C32>
        </C32>
        <C32-AR>
        </C32-AR>
        <C32-AS>
        </C32-AS>
        <C32-CO>
        </C32-CO>
        <C32-LD>
        </C32-LD>
        <C32CPP>
        </C32CPP>
        <C32Global>
        </C32Global>
      </item>
      <item path="FindGateSubHSM.c" ex="false" overriding="false">
        <C32>
        </C32>
        <C32-AR>
        </C32-AR>
        <C32-AS>
        </C32-AS>
        <C32-CO>
        </C32-CO>
        <C32-LD>
        </C32-LD>
        <C32CPP>
        </C32CPP>
        <C32Global>
        </C32Global>
      </item>
      <item path="HelloWorld.c" ex="true" overriding="false">
        <C32>
        </C32>
        <C32-AR>
        </C32-AR>
        <C32-AS>
        </C32-AS>
        <C32-CO>
        </C32-CO>
        <C32-LD>
        </C32-LD>
        <C32CPP>
        </C32CPP>
        <C32Global>
        </C32Global>
      </item>
      <item path="SimpleService.c" ex="false" overriding="false">
        <C32>
        </C32>
        <C32-AR>
        </C32-AR>
        <C32-AS>
        </C32-AS>
        <C32-CO>
        </C32-CO>
        <C32-LD>
        </C32-LD>
        <C32CPP>
        </C32CPP>
        <C32Global>
        </C32Global>
      </item>
      <item path="TemplateES_Main.c" ex="false" overriding="false">
        <C32>
        </C32>
        <C32-AR>
        </C32-AR>
        <C32-AS>
        </C32-AS>
        <C32-CO>
        </C32-CO>
        <C32-LD>
        </C32-LD>
        <C32CPP>
        </C32CPP>
        <C32Global>
        </C32Global>
      </item>
      <item path="TemplateFSM.c" ex="true" overriding="false">
        <C32>
        </C32>
        <C32-AR>
        </C32-AR>
        <C32-AS>
        </C32-AS>
        <C32-CO>
        </C32-CO>
        <C32-LD>
        </C32-LD>
        <C32CPP>
        </C32CPP>
        <C32Global>
        </C32Global>
      </item>
      <item path="mainHSM.c" ex="false" overriding="false">
        <C32>
        </C32>
        <C32-AR>
        </C32-AR>
        <C32-AS>
        </C32-AS>
        <C32-CO>
        </C32-CO>
        <C32-LD>
        </C32-LD>
        <C32CPP>
        </C32CPP>
        <C32Global>
        </C32Global>
      </item>
      <item path="roach.c" ex="true" overriding="false">
        <C32>
        </C32>
        <C32-AR>
        </C32-AR>
        <C32-AS>
        </C32-AS>
        <C32-CO>
        </C32-CO>
        <C32-LD>
        </C32-LD>
        <C32CPP>
        </C32CPP>
        <C32Global>
        </C32Global>
      </item>
      <item path="testharness.c" ex="true" overriding="false">
        <C32>
        </C32>
        <C32-AR>
        </C32-AR>
        <C32-AS>
        </C32-AS>
        <C32-CO>
        </C32-CO>
        <C32-LD>
        </C32-LD>
        <C32CPP>
        </C32CPP>
        <C32Global>
        </C32Global>
      </item>
    </conf>
  </confs>
</configurationDescriptor>
