<?xml version="1.0" encoding="UTF-8"?>
<project-private xmlns="http://www.netbeans.org/ns/project-private/1">
    <editor-bookmarks xmlns="http://www.netbeans.org/ns/editor-bookmarks/2" lastBookmarkId="0"/>
    <open-files xmlns="http://www.netbeans.org/ns/projectui-open-files/2">
        <group>
            <file>file:/C:/Users/zkaner/Documents/ece118-final-project/ECE118Finalcode.X/DriveBase.c</file>
            <file>file:/C:/Users/zkaner/Documents/ece118-final-project/ECE118Finalcode.X/IO_Ports.c</file>
            <file>file:/C:/Users/zkaner/Documents/ece118-final-project/ECE118Finalcode.X/FindGateSubHSM.c</file>
            <file>file:/C:/Users/zkaner/Documents/ece118-final-project/ECE118Finalcode.X/ES_Port.h</file>
            <file>file:/C:/Users/zkaner/Documents/ece118-final-project/ECE118Finalcode.X/mainHSM.c</file>
            <file>file:/C:/Users/zkaner/Documents/ece118-final-project/ECE118Finalcode.X/CleaningSubHSM.c</file>
            <file>file:/C:/Users/zkaner/Documents/ece118-final-project/ECE118Finalcode.X/mainHSM.h</file>
            <file>file:/C:/Users/zkaner/Documents/ece118-final-project/ECE118Finalcode.X/ES_Configure.h</file>
            <file>file:/C:/Users/zkaner/Documents/ece118-final-project/ECE118Finalcode.X/IO_Ports.h</file>
        </group>
    </open-files>
</project-private>
